Email, point
kpcvdcgyrx@gmail.com,948304
doxpgpc@gmail.com,945170
waxsmt@gmail.com,931978
gzovr@gmail.com,928448
efaknfr@gmail.com,927831
nsyaeuqvs@gmail.com,921113
zfdexgn@gmail.com,890455
teievkuor@gmail.com,872654
bntonhhdbo@gmail.com,858622
lvqdczzbq@gmail.com,844614
rduixbjdvb@gmail.com,844209
benhstrqo@gmail.com,838337
auestvm@gmail.com,833921
ocirlbtqze@gmail.com,783572
kdnju@gmail.com,779106
neryjbcjwr@gmail.com,731402
ncapxmjvx@gmail.com,730553
mmllr@gmail.com,729665
lsjlfgf@gmail.com,726275
xnbgaen@gmail.com,715955
fozyqy@gmail.com,709335
ogueorkzs@gmail.com,701334
vzhtqclhd@gmail.com,691997
ikokn@gmail.com,669371
xynuvbmz@gmail.com,652600
wzdzbkrqru@gmail.com,630130
teube@gmail.com,582022
qfvlmnz@gmail.com,551868
basdliwu@gmail.com,533404
snkhp@gmail.com,487419
bqmin@gmail.com,484709
rbiikbnnsc@gmail.com,475823
tjrlkhqh@gmail.com,470759
lgejhpwtzy@gmail.com,468548
tvnautbsmo@gmail.com,465853
lihendmy@gmail.com,463410
tcclagvh@gmail.com,440182
lxogwq@gmail.com,402041
dytjgrhwv@gmail.com,383585
oyvxfz@gmail.com,303451
hlewfg@gmail.com,259786
bqmgkkw@gmail.com,240118
sgpebixu@gmail.com,236063
aukxdxjzxr@gmail.com,208755
skqykqksf@gmail.com,185427
qxyxteba@gmail.com,182125
ojikkisb@gmail.com,168085
clrodchab@gmail.com,163631
hrmeplgqda@gmail.com,158769
ervbwcpc@gmail.com,149766
ewils@gmail.com,126118
pdqzqmzzrj@gmail.com,99087
uwagsjvdrm@gmail.com,99050
yugnvmiidz@gmail.com,96045
cngpxpuy@gmail.com,94049
tcdecnd@gmail.com,90440
snavaawu@gmail.com,84553
ddukkatlpx@gmail.com,82477
mqbviznv@gmail.com,80720
jdghcgro@gmail.com,77938
ghsagfpsym@gmail.com,76059
tyftmmcpuw@gmail.com,72280
mgvkyo@gmail.com,71160
tjeotqkx@gmail.com,70995
cexla@gmail.com,70600
wsyyca@gmail.com,69451
zjbez@gmail.com,65271
gfxzpgrjg@gmail.com,64532
qoeqrr@gmail.com,63604
zjyddveahm@gmail.com,58696
lzzyr@gmail.com,56072
birbmjl@gmail.com,55904
npxwdmzlu@gmail.com,53064
kfuhrmhrrh@gmail.com,53018
zjffvbfq@gmail.com,52675
hmjsoptwpp@gmail.com,49160
oeyntyudp@gmail.com,48766
cyxswbe@gmail.com,47866
riupt@gmail.com,47144
uisafg@gmail.com,46764
fwxkp@gmail.com,38740
jlurq@gmail.com,38492
wvpxlbavd@gmail.com,38491
ptdttpbn@gmail.com,38251
tzvqzcsnge@gmail.com,35820
jcldt@gmail.com,34950
nuwgld@gmail.com,29854
zoqpfx@gmail.com,26915
ucvon@gmail.com,23579
bjhmzfwail@gmail.com,21883
xeydx@gmail.com,21872
tvaufemdvh@gmail.com,17960
lrnyvznfun@gmail.com,13383
xymvmfud@gmail.com,13145
ybtnz@gmail.com,9701
jhqgjif@gmail.com,9686
iykjtrj@gmail.com,9443
ajyzp@gmail.com,9428
sgxfcrzudd@gmail.com,9224
gkfjenp@gmail.com,9032
lrflxocle@gmail.com,8903
jzdla@gmail.com,8645
ryxhj@gmail.com,8447
bhgoanhbym@gmail.com,8429
vhnnfajfzu@gmail.com,8267
ankobjeqzc@gmail.com,8253
vljbyjpe@gmail.com,8119
rohlnbxgb@gmail.com,7992
dlhwsgo@gmail.com,7372
apxcnjptr@gmail.com,6907
qkshlkdh@gmail.com,6603
qioyzvbl@gmail.com,6548
xesfsnru@gmail.com,6252
njdnorw@gmail.com,6227
tsyspcvgc@gmail.com,6181
vsaeg@gmail.com,6158
jrkgkinz@gmail.com,5974
wqukakxsgy@gmail.com,5804
fimdx@gmail.com,5566
syevvdcfts@gmail.com,5517
qbazemg@gmail.com,5506
hkgurfas@gmail.com,5286
yqaunz@gmail.com,4851
fcjymf@gmail.com,4762
lwmqc@gmail.com,3672
vcydnzppnd@gmail.com,3515
xzzmbaa@gmail.com,3424
uhzxfgsx@gmail.com,3321
xypdr@gmail.com,3262
mqdnomwmtd@gmail.com,3244
cgjabapcjs@gmail.com,3154
wutfo@gmail.com,3087
qczkznx@gmail.com,2988
hrqjmfgp@gmail.com,2601
pbhqvnz@gmail.com,2445
bgeycbt@gmail.com,2367
jquvhmq@gmail.com,2220
gpxkbfezaa@gmail.com,2216
zozdbaj@gmail.com,1994
oxkysc@gmail.com,1991
qysjfxsrv@gmail.com,1726
roott@gmail.com,1677
hmtwpyw@gmail.com,1653
jzcgfs@gmail.com,1635
vxnxxevjxm@gmail.com,1608
fczrkyhjkc@gmail.com,1366
pzlohqozih@gmail.com,1309
boflypiyej@gmail.com,1265
gidnqpqvpf@gmail.com,1249
kumvjmg@gmail.com,982
anawxguze@gmail.com,976
tnucnevrik@gmail.com,975
fcgcrlpdc@gmail.com,960
mwqvokxf@gmail.com,958
lbsuaklr@gmail.com,952
xjdnjmbyu@gmail.com,942
dkyico@gmail.com,942
spfsv@gmail.com,900
zfbrcxlcri@gmail.com,850
tishdfwwvw@gmail.com,840
wrixt@gmail.com,821
smareviem@gmail.com,809
dvsfyx@gmail.com,789
vfqotv@gmail.com,779
leqwq@gmail.com,760
bntqbjf@gmail.com,755
rjbzc@gmail.com,746
ayttmv@gmail.com,731
bdyywhmw@gmail.com,710
qbdacmfd@gmail.com,692
bevklg@gmail.com,682
xhriome@gmail.com,673
pctgtyp@gmail.com,664
yqdhuffrae@gmail.com,659
txghmpdkxd@gmail.com,649
dgifdhbeqp@gmail.com,637
werid@gmail.com,618
ymefmkbutq@gmail.com,587
hodcsvkoc@gmail.com,578
enegokdb@gmail.com,572
pmywc@gmail.com,543
fkgitll@gmail.com,542
oazmfojllj@gmail.com,508
hlfseewdiu@gmail.com,465
sbmmwlulp@gmail.com,461
bjral@gmail.com,450
ilwkulozm@gmail.com,439
virilep@gmail.com,414
nkmzoyen@gmail.com,366
cvzzkrfk@gmail.com,359
rvhzm@gmail.com,356
nocaoe@gmail.com,319
fnjyerclf@gmail.com,317
bhlpxgvy@gmail.com,304
hgxxmv@gmail.com,268
xzkmgtxzqp@gmail.com,245
ylnli@gmail.com,231
jlqyzam@gmail.com,230
fxsdox@gmail.com,177
pziegq@gmail.com,172
xillt@gmail.com,157
qvval@gmail.com,117
onpnidcyb@gmail.com,109
wprwerjfy@gmail.com,100
gmzwogz@gmail.com,99
vnlpeb@gmail.com,98
acwkcki@gmail.com,95
rrfsxl@gmail.com,91
gmplylock@gmail.com,87
jjiiqviabn@gmail.com,86
muotxld@gmail.com,86
tfrjw@gmail.com,82
mlavfvpmfs@gmail.com,81
krdunven@gmail.com,81
fwilox@gmail.com,80
tzdki@gmail.com,78
waecoueo@gmail.com,78
vbhvom@gmail.com,78
ygtoi@gmail.com,72
dvbjsoa@gmail.com,71
wnohon@gmail.com,67
eapit@gmail.com,62
vxrkhbxa@gmail.com,61
hfphcltvu@gmail.com,60
yesof@gmail.com,58
npjleu@gmail.com,55
ndiuo@gmail.com,55
nouxfzflk@gmail.com,55
huliw@gmail.com,50
bycohglm@gmail.com,48
pbxol@gmail.com,47
hpoupiiylw@gmail.com,47
uobxacnoz@gmail.com,45
jcvpixbn@gmail.com,43
olmxxtb@gmail.com,41
pjdyzzaeb@gmail.com,41
mmwkpk@gmail.com,40
muzirthd@gmail.com,38
ejgfyuyn@gmail.com,38
pbxpdej@gmail.com,38
tuqla@gmail.com,33
hawol@gmail.com,30
dkojqs@gmail.com,29
yxmnhxlq@gmail.com,26
qiaaqal@gmail.com,19
tsvdkdq@gmail.com,15
pgkvhqj@gmail.com,14
iqmeauwri@gmail.com,14
bymvex@gmail.com,9
xpnvuu@gmail.com,9
nolwuiefor@gmail.com,9
aspvv@gmail.com,9
jkajeej@gmail.com,9
frazbrnay@gmail.com,9
yyvnztwki@gmail.com,8
lhnqw@gmail.com,7
hokmmymt@gmail.com,7
mikaldevz@gmail.com,7
aonhjyz@gmail.com,7
usduxdmgdp@gmail.com,7
ndytpsnx@gmail.com,7
cmwqketbw@gmail.com,7
operzfml@gmail.com,6
imrovo@gmail.com,6
plvlbbox@gmail.com,6
zuavszjvs@gmail.com,6
zujlnia@gmail.com,6
uhlrxvc@gmail.com,6
jogdojd@gmail.com,6
etvmemivr@gmail.com,6
sndfs@gmail.com,6
lfaikooy@gmail.com,6
zlhycpdgsz@gmail.com,6
qzmyvufbf@gmail.com,5
jrweuzznlb@gmail.com,5
caxsby@gmail.com,5
qbstruque@gmail.com,4
rqumzco@gmail.com,4
zzxewaxm@gmail.com,4
xkjtrxqw@gmail.com,4
cgfzv@gmail.com,4
pjhiocfhs@gmail.com,4
fjjoh@gmail.com,3
rennphey@gmail.com,3
cizcy@gmail.com,3
hvbfmnhvx@gmail.com,3
dhtzpqryh@gmail.com,3
tpmgu@gmail.com,2
yhnpyfypcr@gmail.com,2
hbahwun@gmail.com,2
psmwtv@gmail.com,2
iyjlzhnqme@gmail.com,2
hffyygjgup@gmail.com,2
zlaahtn@gmail.com,2
ehoaem@gmail.com,2
ljswxq@gmail.com,2
lsofyssimz@gmail.com,2
evbcnt@gmail.com,1
iutkqxzg@gmail.com,1
dtqtjybfgs@gmail.com,1
