Email, Point
ygtoi@gmail.com, 72
pmywc@gmail.com, 543
gkfjenp@gmail.com, 9032
syevvdcfts@gmail.com, 5517
yyvnztwki@gmail.com, 8
nouxfzflk@gmail.com, 55
hffyygjgup@gmail.com, 2
dvsfyx@gmail.com, 789
fczrkyhjkc@gmail.com, 1366
vbhvom@gmail.com, 78
zlaahtn@gmail.com, 2
uhzxfgsx@gmail.com, 3321
vxrkhbxa@gmail.com, 61
pbxpdej@gmail.com, 38
ehoaem@gmail.com, 2
bqmin@gmail.com, 484709
muotxld@gmail.com, 86
hawol@gmail.com, 30
gmzwogz@gmail.com, 99
ymefmkbutq@gmail.com, 587
zoqpfx@gmail.com, 26915
tfrjw@gmail.com, 82
wrixt@gmail.com, 821
fwilox@gmail.com, 80
ljswxq@gmail.com, 2
qiaaqal@gmail.com, 19
hmtwpyw@gmail.com, 1653
tsyspcvgc@gmail.com, 6181
ybtnz@gmail.com, 9701
dhtzpqryh@gmail.com, 3
pjhiocfhs@gmail.com, 4
qfvlmnz@gmail.com, 551868
cyxswbe@gmail.com, 47866
dlhwsgo@gmail.com, 7372
jlurq@gmail.com, 38492
yugnvmiidz@gmail.com, 96045
yesof@gmail.com, 58
qvval@gmail.com, 117
mgvkyo@gmail.com, 71160
acwkcki@gmail.com, 95
rvhzm@gmail.com, 356
fcgcrlpdc@gmail.com, 960
zozdbaj@gmail.com, 1994
qbazemg@gmail.com, 5506
ervbwcpc@gmail.com, 149766
basdliwu@gmail.com, 533404
lsofyssimz@gmail.com, 2
ghsagfpsym@gmail.com, 76059
lrflxocle@gmail.com, 8903
evbcnt@gmail.com, 1
tjeotqkx@gmail.com, 70995
zlhycpdgsz@gmail.com, 6
pdqzqmzzrj@gmail.com, 99087
vhnnfajfzu@gmail.com, 8267
jdghcgro@gmail.com, 77938
iutkqxzg@gmail.com, 1
njdnorw@gmail.com, 6227
lihendmy@gmail.com, 463410
lsjlfgf@gmail.com, 726275
fnjyerclf@gmail.com, 317
clrodchab@gmail.com, 163631
cmwqketbw@gmail.com, 7
lzzyr@gmail.com, 56072
lfaikooy@gmail.com, 6
rjbzc@gmail.com, 746
txghmpdkxd@gmail.com, 649
krdunven@gmail.com, 81
ejgfyuyn@gmail.com, 38
leqwq@gmail.com, 760
tishdfwwvw@gmail.com, 840
qoeqrr@gmail.com, 63604
sgxfcrzudd@gmail.com, 9224
iyjlzhnqme@gmail.com, 2
sndfs@gmail.com, 6
ndytpsnx@gmail.com, 7
jzcgfs@gmail.com, 1635
usduxdmgdp@gmail.com, 7
ankobjeqzc@gmail.com, 8253
apxcnjptr@gmail.com, 6907
psmwtv@gmail.com, 2
etvmemivr@gmail.com, 6
dkyico@gmail.com, 942
waecoueo@gmail.com, 78
bqmgkkw@gmail.com, 240118
waxsmt@gmail.com, 931978
tuqla@gmail.com, 33
zjffvbfq@gmail.com, 52675
pbhqvnz@gmail.com, 2445
smareviem@gmail.com, 809
auestvm@gmail.com, 833921
vcydnzppnd@gmail.com, 3515
virilep@gmail.com, 414
eapit@gmail.com, 62
tvnautbsmo@gmail.com, 465853
yxmnhxlq@gmail.com, 26
nocaoe@gmail.com, 319
hbahwun@gmail.com, 2
doxpgpc@gmail.com, 945170
ylnli@gmail.com, 231
hvbfmnhvx@gmail.com, 3
qioyzvbl@gmail.com, 6548
frazbrnay@gmail.com, 9
bntqbjf@gmail.com, 755
fcjymf@gmail.com, 4762
mmwkpk@gmail.com, 40
xnbgaen@gmail.com, 715955
birbmjl@gmail.com, 55904
cngpxpuy@gmail.com, 94049
fxsdox@gmail.com, 177
fwxkp@gmail.com, 38740
jogdojd@gmail.com, 6
sgpebixu@gmail.com, 236063
xillt@gmail.com, 157
cizcy@gmail.com, 3
ndiuo@gmail.com, 55
riupt@gmail.com, 47144
jjiiqviabn@gmail.com, 86
efaknfr@gmail.com, 927831
zfbrcxlcri@gmail.com, 850
xeydx@gmail.com, 21872
ptdttpbn@gmail.com, 38251
fkgitll@gmail.com, 542
rohlnbxgb@gmail.com, 7992
tcclagvh@gmail.com, 440182
xypdr@gmail.com, 3262
tzvqzcsnge@gmail.com, 35820
xzzmbaa@gmail.com, 3424
iqmeauwri@gmail.com, 14
hrmeplgqda@gmail.com, 158769
jkajeej@gmail.com, 9
cvzzkrfk@gmail.com, 359
tcdecnd@gmail.com, 90440
qczkznx@gmail.com, 2988
cgfzv@gmail.com, 4
mlavfvpmfs@gmail.com, 81
oazmfojllj@gmail.com, 508
xkjtrxqw@gmail.com, 4
tnucnevrik@gmail.com, 975
jzdla@gmail.com, 8645
dytjgrhwv@gmail.com, 383585
caxsby@gmail.com, 5
vxnxxevjxm@gmail.com, 1608
mqdnomwmtd@gmail.com, 3244
gfxzpgrjg@gmail.com, 64532
jcvpixbn@gmail.com, 43
werid@gmail.com, 618
jlqyzam@gmail.com, 230
lgejhpwtzy@gmail.com, 468548
zjbez@gmail.com, 65271
uhlrxvc@gmail.com, 6
xymvmfud@gmail.com, 13145
huliw@gmail.com, 50
hmjsoptwpp@gmail.com, 49160
ewils@gmail.com, 126118
yhnpyfypcr@gmail.com, 2
nsyaeuqvs@gmail.com, 921113
snavaawu@gmail.com, 84553
wsyyca@gmail.com, 69451
aonhjyz@gmail.com, 7
vljbyjpe@gmail.com, 8119
tyftmmcpuw@gmail.com, 72280
bevklg@gmail.com, 682
rennphey@gmail.com, 3
rrfsxl@gmail.com, 91
ojikkisb@gmail.com, 168085
neryjbcjwr@gmail.com, 731402
xjdnjmbyu@gmail.com, 942
vsaeg@gmail.com, 6158
pgkvhqj@gmail.com, 14
mmllr@gmail.com, 729665
qkshlkdh@gmail.com, 6603
tpmgu@gmail.com, 2
mikaldevz@gmail.com, 7
hgxxmv@gmail.com, 268
jrkgkinz@gmail.com, 5974
ikokn@gmail.com, 669371
enegokdb@gmail.com, 572
oeyntyudp@gmail.com, 48766
zzxewaxm@gmail.com, 4
teube@gmail.com, 582022
xesfsnru@gmail.com, 6252
bjhmzfwail@gmail.com, 21883
skqykqksf@gmail.com, 185427
mqbviznv@gmail.com, 80720
lbsuaklr@gmail.com, 952
bhgoanhbym@gmail.com, 8429
aspvv@gmail.com, 9
lvqdczzbq@gmail.com, 844614
nolwuiefor@gmail.com, 9
hlewfg@gmail.com, 259786
vzhtqclhd@gmail.com, 691997
cexla@gmail.com, 70600
gidnqpqvpf@gmail.com, 1249
qysjfxsrv@gmail.com, 1726
qxyxteba@gmail.com, 182125
sbmmwlulp@gmail.com, 461
ayttmv@gmail.com, 731
ogueorkzs@gmail.com, 701334
qbdacmfd@gmail.com, 692
xhriome@gmail.com, 673
xpnvuu@gmail.com, 9
bycohglm@gmail.com, 48
zujlnia@gmail.com, 6
fimdx@gmail.com, 5566
npxwdmzlu@gmail.com, 53064
uisafg@gmail.com, 46764
roott@gmail.com, 1677
zfdexgn@gmail.com, 890455
dtqtjybfgs@gmail.com, 1
bgeycbt@gmail.com, 2367
wqukakxsgy@gmail.com, 5804
zuavszjvs@gmail.com, 6
rqumzco@gmail.com, 4
lrnyvznfun@gmail.com, 13383
tsvdkdq@gmail.com, 15
kdnju@gmail.com, 779106
jquvhmq@gmail.com, 2220
gpxkbfezaa@gmail.com, 2216
ocirlbtqze@gmail.com, 783572
hokmmymt@gmail.com, 7
hpoupiiylw@gmail.com, 47
fjjoh@gmail.com, 3
yqdhuffrae@gmail.com, 659
lhnqw@gmail.com, 7
plvlbbox@gmail.com, 6
jrweuzznlb@gmail.com, 5
teievkuor@gmail.com, 872654
pbxol@gmail.com, 47
hfphcltvu@gmail.com, 60
nuwgld@gmail.com, 29854
kumvjmg@gmail.com, 982
pzlohqozih@gmail.com, 1309
jhqgjif@gmail.com, 9686
bdyywhmw@gmail.com, 710
wprwerjfy@gmail.com, 100
bjral@gmail.com, 450
boflypiyej@gmail.com, 1265
wvpxlbavd@gmail.com, 38491
ncapxmjvx@gmail.com, 730553
zjyddveahm@gmail.com, 58696
uwagsjvdrm@gmail.com, 99050
imrovo@gmail.com, 6
dgifdhbeqp@gmail.com, 637
ilwkulozm@gmail.com, 439
nkmzoyen@gmail.com, 366
hrqjmfgp@gmail.com, 2601
mwqvokxf@gmail.com, 958
vnlpeb@gmail.com, 98
qbstruque@gmail.com, 4
fozyqy@gmail.com, 709335
jcldt@gmail.com, 34950
xzkmgtxzqp@gmail.com, 245
tvaufemdvh@gmail.com, 17960
muzirthd@gmail.com, 38
wnohon@gmail.com, 67
pziegq@gmail.com, 172
oyvxfz@gmail.com, 303451
pjdyzzaeb@gmail.com, 41
iykjtrj@gmail.com, 9443
kfuhrmhrrh@gmail.com, 53018
uobxacnoz@gmail.com, 45
olmxxtb@gmail.com, 41
gmplylock@gmail.com, 87
pctgtyp@gmail.com, 664
operzfml@gmail.com, 6
ajyzp@gmail.com, 9428
aukxdxjzxr@gmail.com, 208755
tjrlkhqh@gmail.com, 470759
gzovr@gmail.com, 928448
lxogwq@gmail.com, 402041
vfqotv@gmail.com, 779
bymvex@gmail.com, 9
rbiikbnnsc@gmail.com, 475823
ddukkatlpx@gmail.com, 82477
lwmqc@gmail.com, 3672
anawxguze@gmail.com, 976
hodcsvkoc@gmail.com, 578
kpcvdcgyrx@gmail.com, 948304
benhstrqo@gmail.com, 838337
onpnidcyb@gmail.com, 109
hkgurfas@gmail.com, 5286
bntonhhdbo@gmail.com, 858622
dvbjsoa@gmail.com, 71
yqaunz@gmail.com, 4851
oxkysc@gmail.com, 1991
wutfo@gmail.com, 3087
ucvon@gmail.com, 23579
tzdki@gmail.com, 78
dkojqs@gmail.com, 29
cgjabapcjs@gmail.com, 3154
rduixbjdvb@gmail.com, 844209
spfsv@gmail.com, 900
snkhp@gmail.com, 487419
qzmyvufbf@gmail.com, 5
wzdzbkrqru@gmail.com, 630130
ryxhj@gmail.com, 8447
hlfseewdiu@gmail.com, 465
xynuvbmz@gmail.com, 652600
npjleu@gmail.com, 55
bhlpxgvy@gmail.com, 304
